url_path,views_total,views_unique
/bagarrattaa/email-nuker,1103,550
/bagarrattaa/email-nuker/blob/main/bomber.py,113,72
/bagarrattaa/email-nuker/blob/main/emailbomber.py,86,62
/bagarrattaa/email-nuker/tree/main/.github/workflows,32,19
/bagarrattaa/email-nuker/blob/main/README.md,28,22
/bagarrattaa/email-nuker/releases/tag/v1.0.0,22,17
/bagarrattaa/email-nuker/issues,21,13
/bagarrattaa/email-nuker/find/main,18,7
/bagarrattaa/email-nuker/blob/main/.github/workflows/dd.yml,17,16
/bagarrattaa/email-bomber,12,10
